Codigo,Descripcion,ObjetivoGeneral,ObjetivosEspecificos,Contenidos,Metodologia,Evaluacion,Bibliografia,Bibtext,Profesor
IEM2101,"El curso de dibujo técnico contribuye a la formación y desarrollo profesional de las personas estudiantes, equipándolos con las habilidades y herramientas necesarias para la comunicación, el diseño y la ejecución en el ámbito de la ingeniería. 
Entre los aprendizajes más destacados se encuentran la capacidad para interpretar y aplicar las normas INTE/ISO de dibujo técnico en situaciones prácticas, así como la habilidad para visualizar y representar objetos tridimensionales en un plano bidimensional y viceversa. Asimismo, los estudiantes desarrollan destrezas en el uso de herramientas CAD para la elaboración de planos. Además de las habilidades técnicas, se busca promover el compromiso, el respeto y la ética profesional entre los participantes.
Este curso sienta las bases fundamentales para asignaturas más avanzadas en el campo del diseño y la ingeniería mecánica. Proporciona una comprensión sólida de los principios y técnicas de dibujo técnico que son esenciales para el desarrollo de proyectos más complejos en las áreas de diseño y manufactura. De esta manera, establece una conexión con otros cursos de la carrera, preparando a los estudiantes para enfrentar desafíos en su trayectoria académica y profesional.","Realizar un plano de una pieza mecánica, según las normas INTE/ISO, que contenga información necesaria y suficiente para la interpretación de la forma y dimensiones de la pieza. ","Aplicar las normas INTE/ISO y de otros estándares.
Representar mediante proyecciones ortogonales, proyecciones axonométricas, vistas auxiliares y vistas de corte una pieza mecánica.
Acotar adecuadamente una pieza mecánica en las proyecciones ortogonales. ","*Generalidades
**El Dibujo Técnico como lenguaje. Historia del Dibujo Técnico.
**Objetivos del curso
**Instrumentos de Dibujo: Escalímetro, escuadras.
**Rotulado técnico y Formatos para dibujo Técnico
**Norma de rotulado INTE-ISO 3098/0/2/3-2008
**Formatos según INTE-ISO 5457-2008
**Información que debe contener un cajetín INTE-ISO 7200-2008
*Geometría Descriptiva (2 hrs)
**Consideraciones fundamentales de la Geometría Descriptiva :
***Objetivos del curso
***Concepto de Geometría Descriptiva y su Historia
**Proyección del punto, el segmento y los planos en el espacio
***Proyección de un punto, el segmento y los planos en las vistas
***Proyección de un punto, el segmento y los planos en el espacio
**Longitudes y dimensiones naturales
***Procedimiento de rotación para encontrar la dimensión real de un segmento y un plano;
***Procedimiento de sustitución de planos para encontrar la dimensión real de un segmento y un plano;
***Procedimiento de superposición para encontrar la dimensión real de un segmento y un plano.
**Características particulares de la representación de los Cuerpos Geométricos
***Características particulares del prisma y su representación;
***Características del cono y su representación;
***Características de la pirámide y su representación;
***Características del cilindro y su representación;
***Características del toroide y su representación;
***Características de la esfera y su representación
*Escalas
***Concepto de escalas
***Escalas según INTE ISO 5455-2008
*Proyecciones ortogonales
***Sistema de proyección y designación de vistas según la norma INTE- ISO 128/30/34-2008
***Criterios de selección de la vista frontal y la ubicación de las otras vistas.
***Cantidad de vistas que definen un objeto.
***Significado y utilización de los tipos de líneas.
***Tipos de líneas según la norma INTE ISO 128/20/21/22/23/24-2008
*Presentación de un plano:
**Calidad de líneas
**Orden y adecuada ubicación de la información
***Especificaciones técnicas.
***Práctica de proyecciones ortogonales croquizando “a mano alzada”.
***Práctica de proyecciones ortogonales utilizando Software de dibujo.
*Proyecciones Axonométricas
***Ejes de proyección
***Tipos de axonometrías
***Proyecciones axonométricas a mano alzada y utilizando software de dibujo.
*Acotado 
***Normas y recomendaciones INTE/ISO 129/1-2008 sobre acotado.
***Líneas utilizadas en el acotado
***Posición de la cota
***Rotulado de cotas
***Criterios para la acotación correcta de piezas.
***Relación entre cota y escala.
*Cortes y secciones
***Concepto de cortes y secciones. Conveniencia de su utilización
***Representación e indicación de cortes según la norma INTE/ISO 128/40-44- 2008
***Achurado
***Tipos de cortes.
**Sección en un plano de corte.
**Sección en dos planos paralelos.
**Sección en tres planos de corte continuos
**Sección en dos planos de intersección
**Plano de corte posesionado parcialmente fuera de la pieza
**Sección removida de una vista
**Secciones sucesivas
**Cortes oblicuos o auxiliares
**Cortes y secciones parciales
**Corte y secciones de piezas simétricas

*Vistas auxiliares simples
**Vistas auxiliares
**Tipos de vistas auxiliares
**Ubicación de las vistas auxiliares
**Rotulado de vistas auxiliares.","Modalidad presencial en el horario de clase correspondiente. En las sesiones se expondrán los conceptos teóricos relevantes de cada tema por medio de material escrito o audiovisual, los cuales serán trabajados por el estudiante en numerosas prácticas realizadas en clases y tareas coordinadas.","
Examen Parcial 1; 1; 25
Examen Parcial 2; 2; 25
Proyecto grupal; 1; 25
Tareas digitales coordinadas; 10; 15

** No hay examen de reposición	 	 	 	 	 ","[1] Normas INTE-ISO para Dibujo Técnico
[2]	Hernández, Barahona, Dibujo Técnico, Editorial Tecnológica, 1 edición, Costa Rica, 2013
[3]	Lieu, Dennis K., and Sheryl Sorby. Dibujo para diseño de ingeniería, Cengage Learning, 2017. ProQuest Ebook Central, 
[4]	Bogoliubov S, Dibujo Técnico, Editorial Mir, Moscú, 1985;
[5]	Bogoliubov S, Dibujo Técnico (Prácticas y Ejercicios), Editorial Mir, Moscú, 1985;
[6]	Gisecke M, Dibujo y Comunicación Gráfica, Printece Hall, 3 edición, México, 2006
[7]	Spencer H, Dibujo Técnico, Alfa Omega, 8 edición, México, 2009
[8]	Material didáctico preparado por el profesor
",,"Ing. Luis Felipe Córdoba Ramírez M.Sc. (Coordinador)
Máster en ciencias Ingeniería Mecánica, Universidad de Utah. 
Licenciado en Ingeniería en Mantenimiento Industrial, Instituto Tecnológico de Costa Rica. 
Contacto: lfcordoba@itcr.ac.cr
Oficina 22, Escuela de Ingeniería Electromecánica, Campus Cartago, Tecnológico de Costa Rica

Ing. Christopher Vega Sánchez, Ph.D. 
Doctor en filosofía en ciencias (Ph.D.) Universidad de Sídney, Australia. 
Máster en ciencias (M.Sc.) en Ingeniería de Sistemas Microelectromecánicos de la Universidad de Freiburg, Alemania 
Licenciatura en Ingeniería en Mantenimiento Industrial, Tecnológico de Costa Rica, Costa Rica 
Contacto: cvega@itcr.ac.cr 
Oficina 20, Escuela de Ingeniería Electromecánica, Campus Cartago, Tecnológico de Costa Rica 




Ing. Noel Jacob Ureña Sandí M.Sc.
Máster en Computer-aided Conception and Production in Mechanical Engineering, de la RWTH Aachen University, Alemania
Licenciado en Ciencia en Ingeniería de los Materiales, ITCR
Contacto: nurena@itcr.ac.cr / 2550-9347
Oficina 22, Escuela de Ingeniería Electromecánica, Campus Cartago, Tecnológico de Costa Rica 

Ing. Juan Luis Guerrero Fernández, Ph.D.
Ph.D. Universidad de Sheffield, Inglaterra
Máster en Ciencias en Mecatrónica, FH Aachen University of Applied Sciences, Alemania
Licenciado en Ingeniería en Mantenimiento Industrial, Instituto Tecnológico de Costa Rica.
Contacto: jguerrero@itcr.ac.cr 
Oficina 10, Escuela de Ingeniería Electromecánica, Campus Cartago, Tecnológico de Costa Rica

Ing. Herberth Jackson Quirós
Maestría profesional en Ingeniería Mecánica, UCR
Licenciado en Ingeniería Mecánica, UCR
Bachiller en Ingeniería Electromecánica, U. Fidélitas
Contacto: hjackson@itcr.ac.cr 
Oficina 15, Escuela de Ingeniería Electromecánica, Campus Cartago, Tecnológico de Costa Rica 

Ing. Carlos Otárola Zúñiga  
Máster en Ingeniería, Instituto Tecnológico de Costa Rica.  
Bachiller en Ingeniería Mecánica, Universidad de Costa Rica.  
Contacto: cotarola@itcr.ac.cr 
Oficina 4, Escuela de Ingeniería Electromecánica, Campus Cartago, Tecnológico de Costa Rica 

Ing. Víctor Julio Hernández
Máster en ciencias con especialización explotación técnica de aviones y motores. Ingeniero aeronáutico, Instituto de Kiev de los Ingenieros de Aviación Civil (KIIGA) Ucrania 
Contacto: vhernandezg@itcr.ac.cr 
Escuela de Ingeniería Electromecánica, Campus Cartago, Tecnológico de Costa Rica 

"
IEM2301,"Los transductores están presentes en toda la maquinaria moderna, por lo que los Ingenieros electromecánicos deben conocerlos, identificarlos, seleccionarlos y usarlos correctamente.  Esta asignatura brinda al estudiante conocimiento sobre la correcta selección y aplicación de los distintos tipos de transductores divididos en dos grupos llamados sensores y actuadores.
Por definición los transductores son elementos que convierten distintas formas de energía entre sí, por ejemplo: un motor eléctrico trasforma energía eléctrica en energía mecánica rotacional, o un micrófono transforma una onda sonora a una señal eléctrica. Sin embargo, el curso se enfoca principalmente en el estudio transductores usados para generar señales eléctricas de pequeña potencia a partir de manifestaciones físicas tales como: presión, temperatura, peso, aceleración, movimientos rotacionales o lineales, caudal, densidad, viscosidad, acidez, ondas sonoras, luz, voltaje, corriente, etc. La parte final de curso se enfoca en dispositivos que reciben una señal eléctrica que se transforma en un movimiento.
Esta signatura se ubica en el tercer semestre de la carrera por lo que tienen un carácter inicial, sin embargo, es fundamental la correcta comprensión de los conocimientos, ya que serán utilizados de forma reiterada durante toda la carrera. 
Se puede indicar que este curso es base para los cursos de instrumentación, modelado, control eléctrico y automático, mantenimiento basado en la condición, automatización, entre otros; por lo que la asignatura posee un carácter de obligatoriedad.","Comprender el funcionamiento de los transductores según la situación o aplicación planteada, usando para esto los criterios técnicos entre ellos los errores estáticos y dinámicos de los mismos.","Comprender los principios constructivos de los sensores: resistivos, capacitivos, inductivos, ultrasónicos, electromagnéticos, autogeneradores.
Conocer el funcionamiento de actuadores magnéticos como los relés y solenoides.
Comprender las especificaciones técnicas de los transductores.
Experimentar con transductores para lograr aprendizajes significativos.","*Señales eléctricas y sus mediciones
**Medición directa e indirecta
**Valores rms, medio, eficaz
*Características estáticas de los sensores
**Conceptos de Sensibilidad y Resolución del sensor
**Conceptos de Intervalo y Alcance de la medición
**Índice de protección de los sensores
**Incertidumbre de una medición
**Definición de error
**Error exactitud y error de precisión
**Tipo de errores de medición
***Error de repetición por dos procesos de calibración
***Error de histéresis
***Error de zonas muertas
***Error por no linealidad
***Otros errores. Ejemplo: error de fluencia (creep error)
*Sensores industriales discretos de presencia
**Tipos de sensores discretos: inductivos, capacitivos, fotoeléctricos, ultrasónicos  y mecánicos
**Materiales que detectan según la tecnología usada
**Voltaje de alimentación de sensores
**Conexiones eléctricas de sensores tipo PNP, NPN
**Código de colores del cableado
**Instalación, montaje de sensores
**Rangos de operación, limitaciones y errores presentes
*Características dinámicas en el tiempo de los sensores 
**Tiempo de subida, tiempo de asentamiento, tiempo al pico, tiempo de retardo, sobrelongación
**Sensores de orden cero
**Sensores de orden uno
**Sensores de orden dos 
**Respuesta en el tiempo  de cada tipo de sensor
**Ejemplos de cada tipo de sensor
*Sensores con funcionamiento resistivo
**Tipos de sensores con principio resistivo:
***Potenciómetros
***Galgas de fuerza
***Sensores de temperatura RTD
***Termistores
***Magneto resistores
***Fotorresistencias LDR
***Hidrómetros resistivos
***Sensores de gas resistivos.
**Para cada tipo de sensor se estudia su modelo físico (ecuación)
**Para cada sensor se estudia sus aplicaciones
*Sensores con funcionamiento capacitivo
**Tipos de sensores con principio capacitivo:
***Sensores de capacitancia variable
***Sensores de capacitancia diferencial
**Para cada tipo de sensor se estudia su modelo físico (ecuación)
**Para cada sensor se estudia sus aplicaciones
*Sensores con funcionamiento electromagnético
**Tipos de sensores inductivos:
***Sensores de reluctancia variable
***Sensores de corrientes de Eddy
***Transformadores diferencial variable lineal (LVDT)
***Synchros, resolvers e Inductosyn
**Tipos de sensores con principio electromegnético:
***Sensores basados en la ley de Faraday
***Sensores basados en el efecto Hall
**Para cada tipo de sensor se estudia su modelo físico (ecuación)
**Para cada sensor se estudia sus aplicaciones industriales o en aeronaves
*Sensores autogeneradores
**Termocuplas
**Sensores pizoeléctricos
**Sensores piroeléctricos
**Sensores fotovoltaicos
**Para cada tipo de sensor se estudia su modelo físico (ecuación)
**Para cada sensor se estudia sus aplicaciones industriales o en aeronaves
*Otros Sensores 
**Codificadores incremental y absoluto (Encoders)
**Sensores basados en resonancia
**Sensores basados en juntas semiconductoras
**Sensores basados en ultrasonido
**Sensores de fibra óptica
**Biosensores
**Aplicaciones y ejemplos
*Actuadores eléctricos 
**Principios de funcionamiento de:
***Relés de estado sólido y mecánico
***Solenoides
***Piezoeléctricos
*Actuadores hidráulicos y neumáticos
**Tipo de válvulas solenoides para control de flujo","El modelo pedagógico del ITCR busca que el estudiante adquiera un aprendizaje significativo, constructivista e interaccionista, para lograr este objetivo de aprendizaje el curso utiliza una combinación de la metodología de simulación, la metodología de Inmersión y las metodologías participativas.
Los 3 proyectos colaborativos buscan que los estudiantes experimenten con los transductores, sus características, usos y brinden ejemplos con aplicaciones reales de los mismos. Para esto los estudiantes usaran equipos como multímetros u osciloscopios para medir la respuesta de los sensores. Así mismo las presentaciones orales de un grupo de estudiantes muestran la teoría asociada y ejemplos de aplicaciones del tema signado para el desarrollo. Finalmente, el profesor en desarrollará temas complejos con ejemplos demostrativos, visitas a laboratorio y videos entre otros.","Proyectos; 2; 35
Exámenes; 3; 45 Exposiciones; 2; 20","Pallas-Areny, Ramón. Sensores y Acondicionadores de señal. 4 Ed. Marcombo: Mexico 2007. 
Fraden, Jacob. Handbook of modern sensors. 4 ed. Springer: San Diego. 2010.  
Creus, Antonio. Instrumentación Industrial. 7 ed. Alfaomega: Mexico 2011. 
Kalantar-Zadeh, Kourosh. Sensors: An Introductory course. Springer: New York. 2013.
Janocha, H. Actuators: Basics and Applications. Springer: Berlin, Germany. 2004. 
Dunn, William. Fundamental of Industrial Instrumentations and process control. MacGraw Hill. 2005.
Benedict, Robert. Fundamentals of temperature, pressure and flow measurements.3 ed. John-Wiley: Canada. 1984. 
Creus Antonio, Neumática e Hidráulica. 2 Ed Alfaomega 2011. 
Holman, J.P. Experimental Methods for Engineers, 8 ed, MacGraw Hill: Singapore, 2012.",,"Luis Diego Murillo Soto; Dr.-Ing; lmurillo@itcr.ac.cr
*Profesor Catedrático I e Investigador Consolidado 2
Doctor en Ingeniería (TEC, 2022)
Máster en Ciencias de la Ingeniería Eléctrica (UCR, 2016)
Máster en Computación (TEC, 2004)
Ingeniero en Mantenimiento Industrial (TEC, 1999)
Técnico en Electrónica (COVAO, 1994)
*lmurillo@itcr.ac.cr"
IEM2311,"El curso de Automatización brinda al estudiante a conocimientos avanzados en el campo de la automatización de procesos continuos y discretos, de manera que los estudiantes puedan plantear y desarrollar soluciones de automatización de mediana complejidad, utilizando herramientas y conceptos propios de la disciplina. Se profundiza en el uso de las herramientas, métodos y funcionalidades del software de automatización, procesamiento de imágenes, robótica y de manera complementaria, se integra con otros tipos de equipos, dispositivos y componentes para construir sistemas automatizados de mayor complejidad.
El curso impulsa a los estudiantes para que diseñen e implementen sistemas SCADA (Supervisory Control and Data Acquisition) por lo que la programación de autómatas, configuración de redes de comunicación, tratamiento de señales digitales y analógicas con autómatas programables (PLCs) son pilares fundamentales.  Así mismo, el modelado y diseño de celdas de manufactura, la interacción con robots y el control de calidad mediante sistemas de visión son parte de la automatización de tareas industriales.  La parte final del curso busca introducir al estudiante en la simulación moderna de sistemas productivos  mediante herramientas de alto nivel que permite la creación de gemelos digitales.
Esta signatura se ubica en el último semestre de la carrera por lo que tienen un carácter avanzado e integrador que le brinda un carácter de obligatoriedad a la asignatura.","Implementar sistemas de automatización industriales, comerciales o domésticos mediante la integración de controladores programables, robots, sistemas de visión, transductores y sistemas informáticos para el  control supervisorio.","Desarrollar sistemas de comunicación industrial entre distintos tipos de dispositivos
Desarrollar sistemas de automatizados usando técnicas de diseño para procesos continuos o discretos.
Simular y desarrollar algoritmos para el control de calidad de procesos usando sistemas de visión.
Integrar distintos controladores o sistemas de monitoreo dentro de un sistema SCADA.
Simular y desarrollar algoritmos para el control para robots manipuladores, vehículos guidos autónomos (AVG) y  Robots móviles autónomos(AMR).","*Redes de comunicación
**Modelo OSI y sus protocolos
**Protocolos de comunicación modelo TCP/IP. 
***Medios físicos y acceso a red. (Direccionamiento físico, MAC)
***Nivel de red (IP)
***Nivel de transporte (TCP)
***Nivel de aplicación 
**Protocolos de industriales y la pirámide de la automatización
***Redes de campo o sensores
***Redes de control
***Redes de supervisión
***Redes de Operación
***Redes de información
**Topologías de las redes.
**Simulación de redes de computadores
*Manipulación de señales digitales y/o analógicas en PLCs
**Comunicación entre PLCs
*Diseño de sistemas SCADA 
**Levantamiento de requerimientos.
**Definición de topología de red y protocolos.
**Desarrollo de bases de datos.
**Desarrollo de Interfaces gráficas.
**Integración de Interfaces con PLCS.
**Validación de los sistemas.
*Máquinas de visión basadas en cámaras inteligentes
**Levantamiento de requerimientos.
**Geometría de la adquisición de imágenes
***Selección del objetivo en función de la distancia focal, distancia de trabajo, escena y tamaño del sensor CCD.
***Distorsiones ópticas
**Selección del hardware en función de la resolución deseada.
**Tipo de iluminación y selección.
**Algoritmos de procesamiento, detección y segmentación enfocadas en:
***Detección defectos
***Clasificación de elementos.
***Control dimensional.
***Lectura de códigos barras, datamatrix.
***Detección de posición 
***Reconocimiento de caracteres alfanuméricos.
**Programación de la secuencia de inspección.
*Robots Industriales
**Tipos de robots manipuladores, AGV y AMR
***Grados de libertad.
***Cinemática del robot.
**Partes del Robots
**Planeación y calendarización.
**Lenguajes de programación: orientados en la tarea y en el robot.
**Simulación de programas.
**Practica de Robótica
*Modelado y simulación de procesos productivos
**Arboles de ensamble del producto
**Modelado matemático de celda o proceso
**Ambientes de simulación: Tecnomatrix o ARENA.
**Métricas de evaluación de rendimiento","El modelo pedagógico del ITCR busca que el estudiante adquiera un aprendizaje significativo, constructivista e interaccionista, para lograr este objetivo de aprendizaje el curso utiliza una combinación de la metodología de simulación, la metodología de Inmersión y las metodologías participativas.
En el curso se desarrollan 3 proyectos colaborativos busca que los estudiantes se inmersan en las tecnologías de automatización.  Los estudiantes usaran utilizarán PLC, sensores, redes industriales, sistemas  SCADA y ambientes de simulación para integrar sus respectivos proyectos. Así mismo existirán don presentaciones orales de temas de investigación y desarrollo donde se muestre la teoría asociada y ejemplos de su uso. Finalmente, el profesor en desarrollará temas complejos con ejemplos demostrativos clases Teórico-Practicas.","Proyectos; 3;  60
Exposición de investigación; 2; 20
Quices; 4; 20%","Piedrafita R. (2004) Ingeniería de la automatización industrial. México.  Editorial Alfaomega 
Jimenez, V. G., Yuste, R. Y., & Martínez, L. (2012). Comunicaciones Industriales Siemens. Marcombo.
Rodriguez A. (2013). Sistemas Scada. México. Editorial Alfaomega 
Soria S. (2013). Sistemas Automáticos industriales de eventos discretos. México. Editorial Alfaomega
Torres, F., Gil, P., Puente, S. T., & Aracil, R. (2002). Robots y sistemas sensoriales. Pearson Educación.
Craig. J (2017). Introduction to Robotics: Mechanics and Control.  4th Edition. Person.
Niku, S. B. (2020). Introduction to robotics: analysis, control, applications. John Wiley & Sons.
Nehmzow, U. (2012). Mobile robotics: a practical introduction. Springer Science & Business Media.
Siegwart, R., Nourbakhsh, I. R., & Scaramuzza, D. (2011). Introduction to autonomous mobile robots. 2 ed. MIT press.
Fragapane, G., De Koster, R., Sgarbossa, F., & Strandhagen, J. O. (2021). Planning and control of autonomous mobile robots for intralogistics: Literature review and research agenda. European Journal of Operational Research, 294(2), 405-426.
Curry, G. L., & Feldman, R. M. (2010). Manufacturing systems modeling and analysis. Springer Science & Business Media.
Groover, M. P. (2019). Automation, production systems, and computer-integrated manufacturing. 5 ed. Pearson Education.
STEFFEN. BANGSOW. (2021). Tecnomatix plant simulation: Modeling and programming by means of examples. Springer.
Altiok, T., & Melamed, B. (2010). Simulation modeling and analysis with Arena. Academic Press.
La filosofía oriental y su influencia en el manga. Luffy M.D. Nihon Publishers.",,"Luis Diego Murillo Soto; Dr.-Ing; lmurillo@itcr.ac.cr
*Profesor Catedrático I e Investigador Consolidado 2
Doctor en Ingeniería (TEC, 2022)
Máster en Ciencias de la Ingeniería Eléctrica (UCR, 2016)
Máster en Computación (TEC, 2004)
Ingeniero en Mantenimiento Industrial (TEC, 1999)
Técnico en Electrónica (COVAO, 1994)
*lmurillo@itcr.ac.cr"
IEM2304,"Se establecen las bases de conocimiento mínimas para la gestión de proyectos de ingeniería, como medio para la toma de decisiones alineadas con los objetivos y metas estratégicas de una organización, así como con el área de investigación científica. Este curso forma parte de los cursos del área de sistemas que, en conjunto con cursos de las demás áreas académicas de la carrera, contribuye a formar profesionales en el campo de la Ingeniería Electromecánica. En la primera parte del curso se describe y analizan las herramientas necesarias para la formulación y evaluación de proyectos; en la segunda parte del curso se estudian los aspectos relacionados con una adecuada administración de proyectos, como estrategia de optimización de costos, recursos y tiempo para garantizar la consecución exitosa de los proyectos; en la tercera parte del curso se analizan las nuevas estrategias y metodologías para la administración de proyectos.","Desarrollar en el estudiante habilidades para la gestión de proyectos en ingeniería, en sectores tales como Pymes, empresas nacionales y transnacionales, brindando herramientas que permitan la comunicación con los mandos ejecutivos, de manera que se otorgue el oportuno soporte para la toma de decisiones alineadas con la estrategia de la organización.","Definir las herramientas técnico-administrativas, legales y ambientales, para el análisis del entorno (contexto nacional e internacional) en la determinación de oportunidades innovadoras de desarrollo, alineadas con los objetivos y metas estratégicas de la organización.
Aplicar las herramientas de planificación, estimación, implementación, evaluación y seguimiento de proyectos, para la adecuada gestión de un proyecto, basado en literatura correspondiente.
Desarrollar herramientas de análisis de entorno para la optimización máxima de los recursos durante la ejecución de proyectos, estableciendo sus indicadores de gestión.
Explorar las nuevas tendencias y desarrollos en el tema de la gestión de proyectos y su aplicación dependiendo del tipo de proyecto.","*Formulación de proyectos. (2 semanas)
**El estudio de proyectos.
***Definición y características de un proyecto.
***Generación de ideas de proyecto.
***Tipología de los proyectos (público-privado-investigación académica).
***Toma de decisiones asociadas a un proyecto.
***Antecedentes-Problema-Justificación-Objetivos-Metodología.
**Oportunidades de negocio e investigación.
***El proceso de identificación de oportunidades de negocio e investigación.
***Análisis del contexto local y del contexto internacional.
***Modelo de negocio.
***Estrategias de implementación.
*Presupuestos electromecánicos. (2 semanas)
**Construcción de presupuestos electromecánicos.
***Creación de herramientas para desarrollar presupuestos.
***Casos de estudio de presupuestos.
*Evaluación de proyectos. (4 semanas)
**Alcances del estudio de proyectos.
***Perfil, prefactibilidad, factibilidad.
***Estudios de viabilidad de un proyecto.
**Técnicas de proyección del mercado.
***Métodos cualitativos y modelos causales para proyección de mercado.
**Evaluación financiera de proyectos.
***Estimación de costos asociados a un proyecto.
***Estimación de capital de trabajo.
***Construcción de flujos de caja.
***Estimación de horizontes de evaluación.
***Estimación de tasas de descuento para proyectos.
***Determinación de puntos de equilibrio.
***Criterios financieros de evaluación de proyectos.
*Gestión de proyectos. (7 semanas)
**Fundamentos de la gestión de proyectos.
***Ciclo de vida de un proyecto.
***Integración de proyectos con el plan estratégico.
**Estimación de costos y tiempos del proyecto.
***Lineamientos por seguir en la estimación de costos, tiempos y recursos.
***Estimación ascendente/descendente y métodos para cálculo de costos y tiempos del proyecto.
**Construcción de redes de proyectos.
***Desarrollo de la red para el proyecto.
***Construcción de una red de proyecto.
***Proceso de cálculo de la red de proyecto.
*Nuevas tendencias en formulación y administración de proyectos. (1 semana)
**Agile Project Management.
***Metodologías tradicionales vs. Metodologías ágiles para administración de proyectos.","Clases magistrales, análisis de casos, temas de investigación a desarrollar en grupos y/o individual, exámenes cortos.","Avance #1 TFI; 1; 25
Avance #2 TFI; 1; 25
Informe final TFI; 1; 15
Defensa TFI; 1; 10%
Exámenes cortos; 1; 25%","Sapag Chain N., Sapag Chain R., Sapag Puelma J. (2014). Preparación y evaluación de proyectos. (Sexta edición). España. McGraw-Hill.
Hernández Sampieri R. (2014). Metodología de la Investigación. (Sexta edición). Mexico. McGraw-Hill.
Gray F. Clifford, Larson W. Erik. (2007). Edición en español (2009). Administración de proyectos. (Cuarta edición). Mexico. McGraw-Hill.
Gray F. Clifford, Larson W. Erik. (2010). Project Management: The Managerial Process. (Quinta edición). Estados Unidos. McGraw-Hill.",,"Sebastián Mata Ortega; Ing; semata@itcr.ac.cr
*
Ingeniero en Mantenimiento Industrial, con Maestría en Ingeniería Electromecánica con énfasis en Administración de la Energía. 
"
IEM2305,"La gestión efectiva de proyectos en el campo de la ingeniería electromecánica es crucial para el éxito en el desarrollo, implementación y mantenimiento de sistemas que integran componentes eléctricos y mecánicos. Este curso de Gestión de la Ingeniería Electromecánica está diseñado para proporcionar al estudiante una comprensión profunda de los principios, metodologías y prácticas necesarias para liderar proyectos en este ámbito complejo y multidisciplinario.
La ingeniería electromecánica se centra en la integración sinérgica de sistemas eléctricos y mecánicos para crear soluciones que aborden problemas en una variedad de sectores, como la industria manufacturera, médica, energética, servicios, entre otros.
Durante este curso, el estudiante  logrará comprender los conceptos básicos de la Gestión de la Ingeniería Electromecánica, incluyendo los conceptos de mantenimiento,  fundamentos de sistemas, los principios de diseño y análisis, y las tecnologías relevantes. 
El curso se desarrollará a lo largo de 16 semanas, que al finalizar el mismo, los participantes estarán formados con las habilidades y conocimientos necesarios para liderar proyectos del área de gestión descrita.","Desarrollar en el estudiante una comprensión integral de los principios, metodologías y mejores prácticas necesarias para la Gestión de la Ingeniería Electromecánica sectores tales como las industrias manufacturera, salud, energética, y/o la investigación, asegurando la alineación de las actividades con los objetivos estratégicos de la organización, optmizando recursos y garantizando la consecusión exitosa en términos de costos, plazos y calidad.","Desarrollar competencias en la gestión integral de sistemas electromecánicos en el estudiante, para la aplicación de metodologías y herramientas reconocidas que permitan la planificación,ejecución y control de un sistema electromecánico, garantizando la entrega exitosa de productos y sistemas que cumplan con los requisitos y estándares de calidad establecidos.Fomentar el pensamiento sistémico y la integración de disciplinas técnicas que promuevan una comprensión profunda de la interacción entre los componentes eléctricos y mecánicos en sistemas electromecánicos, dando como resultado  su adecuada gestión.
Construir habilidades de liderazgo y trabajo en equipo que faciliten la coordinación entre diferentes áreas funcionales promoviendo una comunicación efectiva dentro de los equipos de trabajo, asegurando un ambiente colaborativo que impulse el éxito del proyecto electromecánico.
Investigar las tendencias emergentes y avances en la gestión de la Ingeniería Electromecánica, analizando su aplicabilidad según las características específicas de cada sistema electromecánico.","*Introducción a la Ingeniería Electromecánica. (5 semanas)
**Fundamentos de ingeniería electromecánica y estrategias de mantenimiento. 3h
**Mantenimiento Centrado en la Confiabilidad (RCM). 3h
**Indicadores de Mantenibilidad,Confiabilidad y Disponibilidad.3h
**Conceptos básicos de sistemas y su aplicación en ingeniería electromecánica.3h
**Introducción a los estándares y enfoques de INCOSE en gestión de sistemas. 3h
*Procesos de Ingeniería de Sistemas. (3 semanas)
**Ciclo de vida del sistema según INCOSE.6h
**Procesos de ingeniería de sistemas según INCOSE. 2h
**Documentación y gestión de requisitos en ingeniería electromecánica. 1h
*Gestión de Riesgos y Fiabilidad. (2 semanas)
**Identificación y evaluación de riesgos en sistemas electromecánicos.1h
**Métodos de mitigación y gestión de riesgos. 2h
**Análisis de fiabilidad y mantenibilidad.3h
*Integración de Sistemas. (2 semanas)
**Estrategias de integración de sistemas electromecánicos.3h
**Coordinación de subsistemas.3h
*Verificación y Validación de Sistemas. (3 semanas)
**Planificación de verificación y validación. 3 h
**Técnicas de verificacion y validación de sistemas electromecánicos. 3h
**Documentación y reporte de resultados. 3h","Clases magistrales, análisis de casos, temas de investigación a desarrollar en grupos y/o individual, exámenes cortos y examenes parciales.","Informe escrito PFC; 1; 20
Defensa PFC; 1; 10
Exámenes cortos; 1; 20
Primer parcial; 1; 25
Segundo parcial; 1; 25","1. INCOSE, A guide for system life cicle processes and activities. (Cuarta Edición). San Diego, EEUU. Wiley.
2. ""Integrated Engineering Asset Management"" por Joe E. Amadi-Echendu, Changela Hoohlo, Roger Swan, and Kingsley O. Nnaji-Okpara (2019).
3. ""Maintenance Engineering and Management"" por R. Keith Mobley (2017).
4. ""Introduction to Mechanical Engineering"" por J. Paulo Davim (2017) ",,"Carlos Piedra Santamaría; Ing; cpiedra@itcr.ac.cr
*
Ingeniero en Mantenimiento Industrial, con Maestría en Ingeniería Electromecánica con énfasis en Administración del Mantenimiento. 
"
IEM2307,"El curso de Mantenimiento Basado en Condición (MBC) está diseñado para proporcionar a los participantes los conocimientos y habilidades necesarios para implementar y gestionar estrategias efectivas de mantenimiento predictivo en entornos industriales. A través de este curso, los participantes aprenderán a utilizar tecnologías de monitoreo de estado para identificar y prevenir fallas en equipos y maquinaria, maximizando así la disponibilidad operativa y prolongando la vida útil de los activos.","Desarrollar las habilidades en la persona estudiante para gestión e implementación de estrategias efectivas de Mantenimiento Basado en Condición, con el fin de que se identifiquen oportunidades para la optimización de la confiabilidad y disponibilidad de los activos industriales mediante la detección temprana de posibles problemas de funcionamiento y la aplicación de técnicas de monitoreo continuo del estado de los activos.","Desarrollar habilidades en la persona estudiante la comprensión de los  fundamentos teóricos del Mantenimiento Basado en Condición, permitiéndole la adquisición de un conocimiento sólido para su aplicación en estrategias efectivas para la gestión de activos industriales, mediante el estudio de análisis de datos, interpretación de análisis de monitoreo y toma de decisiones.
Desarrollar habilidades en la persona estudiante para el uso de  tecnologías de monitoreo de estado, incluyendo análisis de vibraciones, termografía, análisis de aceite y ultrasonido, de manera que le permita la selección y aplicación mas adecuada para la detección temprana de posibles fallas de funcionamiento , tomando decisiones informadas en la gestión de activos.
Adquirir las habilidades de aprendizaje  para la interpretación de datos de monitoreo de estado , de manera que se identifiquen los patrones de deterioro y predicción de posibles fallas en equipos y maquinaria.
Diseñar programas de Mantenimiento Basado en Condición adaptados a las necesidades específicas de una planta industrial, contribuyendo a la mejora de la eficiencia operativa de la organización","*Introducción al Mantenimiento Basado en Condición. 1 semana
**Conceptos básicos de Mantenimiento Predictivo y Mantenimiento Basado en Condición.
**Beneficios y aplicaciones en la industria.
*Tecnologías de Monitoreo Estado I. 2 semanas
**Análisis de vibraciones.
**Patrones de vibración.
**Espectros de frecuencia.
*Tecnologías de Monitoreo de Estado II. 4 semanas.
**Tribología (Análisis de aceite).
**Termografía.
**Ultrasonido
*Interpretación de Datos y Diagnóstico. 3 semanas.
**Análisis de datos de monitoreo.
**Identificación de patrones de deterioro.
**Diagnóstico de posibles fallas.
*Implementación de programas de MBC. 3 semanas
**Diseño de programas de MBC.
**Integración con sistemas de gestión de mantenimiento existentes.
**Planificación de recursos y presupuestos.
*Mantenimiento Basado en la Condición Avanzado. 2 semanas
**Tendencias y desarrollos actuales en MBC.
**Norma ISO 17359
**Uso de tecnologías emergentes y herramientas digitales.
**Inteligencia artificial y análisis predictivo.","Clases magistrales, análisis de casos, temas de investigación a desarrollar en grupos y/o individual, exámenes cortos.","Informe escrito PFC; 1; 20
Defensa PFC; 1; 10
Exámenes cortos; 1; 20
Primer parcial; 1; 25
Segundo parcial; 1; 25","1. ""Condition-Based Maintenance in Aerospace: A Comprehensive Approach"" por Louis Cattafesta y Antonio Conte (2017)
2. ""Condition-Based Maintenance and Machine Diagnostics"" por Piotr Kozłowski y Dariusz Młyńczak (2019).
3. ""Condition Monitoring of Machinery in Non-Stationary Operations: Proceedings of the International Conference on Condition Monitoring of Machinery in Non-Stationary Operations"" editado por Robert Randall y Dimitrios Kouroussis (2018).",,"Carlos Piedra Santamaría; Ing; cpiedra@itcr.ac.cr
*
Ingeniero en Mantenimiento Industrial, con Maestría en Ingeniería Electromecánica con énfasis en Administración del Mantenimiento. 
"
IEM2309,"Este curso sobre Gestión de Energía está diseñado para proveer a los estudiantes un conocimiento profundo y habilidades prácticas en la gestión eficiente y sostenible tanto de energía como de agua potable. Abordando los fundamentos, la descarbonización, la implementación de normas ISO 50000, el aprovechamiento de energías renovables, y la gestión del agua potable, el curso cubre aspectos cruciales y actuales de ambos sectores. Mediante una combinación de teoría, estudios de caso, y proyectos prácticos, se promueve el desarrollo de competencias para la implementación de estrategias sostenibles en la gestión de energía y agua, enfocándose en eficiencia, innovación y sostenibilidad. Finalmente, el estudiante tendrá la capacidad de explorar fuentes de energía renovable y evaluará su papel en la reducción de la dependencia de los combustibles fósiles. Asimismo, tendrá comprensión acerca de la legislación, políticas y normativas relacionadas con la eficiencia energética y la sostenibilidad.","Proporcionar a los estudiantes un conocimiento integral sobre la gestión de energía y recursos hídricos, con énfasis en la descarbonización, el aprovechamiento de energías renovables, la implementación de la familia de normas ISO 50000, exploración de nuevas tecnologías de generación de energía y gestión eficiente del agua potable, para capacitarlos en el desarrollo e implementación de estrategias eficientes y sostenibles en diversos contextos.","Introducir los conceptos fundamentales de la gestión de energía, incluyendo la terminología básica, principios y la importancia de una gestión energética eficiente y sostenible.
Analizar las estrategias de descarbonización, su relevancia en la lucha contra el cambio climático y su impacto en las prácticas de gestión de energía.
Profundizar en los detalles, aplicaciones y beneficios de la familia de normas ISO 50000 para la gestión de energía, incluyendo cómo pueden ser implementadas en organizaciones de diversos sectores.
Estudiar diferentes tipos de energías renovables (solar, eólica, hidroeléctrica, biomasa, geotérmica, entre otras), su funcionamiento, aplicaciones prácticas y cómo pueden ser integradas en sistemas de gestión de energía existentes.
Investigar las últimas tecnologías y tendencias en la generación de energía, incluyendo almacenamiento de energía, microredes, y otras innovaciones tecnológicas que están modelando el futuro del sector energético.
Profundizar en la importancia de la gestión sostenible del agua, explorar las normas AWWA para la calidad y gestión del agua potable y su integración en sistemas de gestión ambiental y energética.
Proporcionar las herramientas y conocimientos necesarios para planificar, implementar y evaluar proyectos de gestión de energía, con un enfoque en la sostenibilidad y la eficiencia energética.","*Introducción a la Gestión de Energía. 
**Conceptos básicos y terminología.
**Importancia de la eficiencia energética.
*Balance de energía.
**Metodología paso a paso de un balance de energía en distintas fuentes energéticas (vapor, aire comprimido, electricidad, LPG).
*Descarbonización y Gestión Energética.
**Estrategias de descarbonización global.
**Impacto en la industria energética
*La Familia de Normas ISO 50000.
**Modelos de gestión de energía.
**Contribución de la famila de normas en la gestión energética.
**Implementación y certificación.
*Energías Renovables
**Tipos y fuentes de energías renovables.
**Integración de energías renovables en la gestión de energía.
*Evaluación y Mejora de la Eficiencia Energética.
**Herramientas y técnicas de auditoría energética.
**Mejoras y optimización de la eficiencia energética.
*Gestión Sostenible del Agua Potable.
**Principios de la gestión sostenible del agua.
**Normas AWWA: visión general, importancia y aplicación práctica.
**Tecnologías y prácticas para la eficiencia en el uso y tratamiento del agua.
**Sinergias entre la eficiencia energética y la gestión eficiente del agua.
*Políticas Energéticas y Regulaciones.
**Marco regulatorio internacional y nacional.
**Incentivos para la promoción de energías renovables y prácticas de sostenibilidad.
*Impacto Social y Económico de la Gestión de Energía.
**Beneficios económicos de la gestión eficiente de energía.
*Contribución a la sostenibilidad y responsabilidad social.","Clases magistrales, análisis de casos, temas de investigación a desarrollar en grupos y/o individual.
También se desarrollará un proyecto de investigación, el cual se debe presentar en forma escrita como parte del trabajo en clase, donde se evidencia la aplicación de los temas desarrollados en clase.","Avance #1 TFI; 1; 20
Avance #2 TFI; 1; 20
Trabajo escrito IF; 1; 40
Presentación IF; 1; 20","1. MINAE. (2014). VII PLAN NACIONAL DE ENERGÍA 2015-2030. WWW.MINAE.GO.CR: DISPONIBLE http://www.minae.go.cr/recursos/2015/pdf/VII-PNE.pdf
2. Diego Zárate Montero/ Remigio Ramírez García. (2016). Matriz Energética de Costa Rica Renovabilidad de las fuentes y reversibilidad de los usos de energía. 2018, de fesamericacentral.org Sitio web: http://library.fes.de/pdf-files/bueros/fesamcentral/12979.pdf
3. Norma ISO 50000
4. Base de datos Biblioteca del Tecnológico de Costa Rica.",,"Sebastián Mata Ortega; Ing; semata@itcr.ac.cr
*
Ingeniero en Mantenimiento Industrial, con Maestría en Ingeniería Electromecánica con énfasis en Administración de la Energía. 
"
IEM2110,"El curso de Laboratorio de  control eléctrico es el complemento práctico del curso de teoría, en este curso se realizan una serie de laboratorios  que demuestran de forma práctica los conocimientos adquiridos, ademas promueve el desarrollo de otros tipos de habilidades y herramientas de conocimiento para el estudiante, las cuales serán de su utilidad en el ejercicio de la profesión.  Se destaca que al ser un curso paralelo al de teoría y posterior al de Control Automático, se ofrece la posibilidad de incluir entre las practicas, algunos conocimientos aplicados de control automático, como una forma de fortalacer los conocimientos en el area de control y automatización de procesos.  Al ser un curso práctico el estudiante deberá hacer uso de herramientas de ingenieria para el diseño, simulación y analisis de comportamiento de los sistemas de  control propuestos en la guia de prácticas del curso. Otras habilidades que adquiere la persona estudiante del curso,  lo son trabajo en equipo, autoprendizaje e investigacion, habilidades de comunicación oral y escrita, no obstante para garantizar el cumplimiento y adquisición de nuevos conocimientos se hace necesario  el compromiso y la proactividad del estudiante en el desarrollo de las prácticas. ",Al finalizar el curso la persona estudiante estará en capacidad de desarrollar habilidades prácticas para comprender y diseñar  soluciones de automatización de pequeña y mediana complejidad con una perspectiva analitica de su comportamiento a traves de su implementación y simulación. ,"Al finalizar el curso la persona estudiante estará en capacidad de integrar los conocimientos teoricos, mediante la realizacion de prácticas que demuestran  el comportamiento de sistemas de control y automatización de procesos.     
Al finalizar  el curso la persona estudiante estará en capacidad de utilizar herramientas de software  para el diseño y simulación de sistemas de control de procesos.   
Al finalizar el curso la persona estudiante estará en capacidad de aplicar estandares internacionales para el diseño de soluciones de control de procesos. 
Al finalizar el curso la persona estudiante estará en capacidad de  desarrollar habilidades de trabajo en equipo y comunicación al colaborar con otros estudiantes en prácticas de laboratorio.                                                                                        ","Simulación de sistemas de eventos discretos.
Analisis de estabibilidad en sistemas continuos y discretos.
Diseño de sistemas de control de procesos continuos.
Diseño e implementación de sistemas de control  de eventos discretos.
Comparación de sistemas discretos y continuos.
Implementación de controladores digitales.
Programación de  sistemas de eventos discretos y continuos en programadores lógicos controlables. ","Lecciones prácticas realizadas en el laboratorio, en el que estudiante sigue las instrucciones del manual de laboratorio para el desarrollo de las prácticas,  desarrolladas en parejas de estudiantes, haciendo uso de equipos, instrumentos y materiales disponibles  en la escuela. Se espera que las prácticas  representen una comprobación de los conceptos teoricos y aplicaciones vistos en el curso de teoria, lo que quiere decir que este curso debe estar alineado con el curso de teoría. 
Semanalmente se brindan indicaciones y recomendaciones para el desarrollo de la práctica, de las cuales se tienen que entregar reportes, con las evidencias y análisis de los resulados y experiencias de los estudiantes. A cada estudiante se le asigna la presentación de un laboratorio, con la intención de que investigue y diriga a los demas estudiantes, bajo la supervisión del profesor.  Para el desarrollo de las prácticas propuestas, el estudiante deben investigar por su cuenta,  lo que se requiera hacer y  puede recurir a la hora de consulta, para evacuar consultas y validar lo realizado, de tal forma que durante la lección se enfoque en la presentación de resultados y evidencias de los hallazgos. Semanalmente el profesor evalua el desempeño del estudiante, calificando el trabajo cotidiano  y aporte para cumplir  con los entregables de las prácticas, las cuales deben ser presentadas en forma oral, siendo evaluadas a traves de una rúbrica, utilizando la plataforma de Tec Digital. ","Trabajo cotidiano  y presentación oral de las prácticas; 0; 0
Examenes cortos; 0; 0
Bitacoras de laboratorio; 0; 0","Guía de laborotorio del curso Laboratorio de Control Eléctrico.                                                                            Manuales de fabricantes de sistemas y equipos de automatización                                                                                                                              Valdivia, Carlos. ""Sistemas de control continuos y discretos"". Editorial Paraninfo. Madrid. 2012                                                                 Ortiz, Manuel. ""Sistemas dinámicos en tiempo continuo"" Omnia Science. Mexico. 2015                 Edwards Gonzalo. ""Introducción al análsis de sistems dinámicos"" Ediciones UC. Santiago Chile. 2013                                               Balabanian, Norman; Carlson, Bradley.                        “Principios de diseño lógico digital”. CECSA: México. 2002.
Balcells, Josep; Romeral, José. “Autómatas Programables”. Alfaomega: México. 1998.
Fabricius, Eugene; “Diseño lógico moderno y teoría de conmutación”. CECSA: México. 1996 García M, Emilio; “Automatización de Procesos Industriales”. Alfaomega: Mexico. 2001.
Mano, Morris; “Diseño Digital”. 3 era ed. Pearson: México. 2003.                              Romera, Pedro; Lorite, Antonio; Montero, Sebastián “Automatización: Problemas resueltos con autómatas programables”. 3 era ed. Thomson: Madrid. 2003.                         Tocci, Ronald; Widmer, Neal. “Sistemas digitales: Principios y aplicaciones” 8 ava ed. Prentice Hall: México. 2003
",,"Luis Gómez Guitiérrez; Ing; lugomez@itcr.a.cr
*
Ingeniero en Mantenimiento industrial. Maestria en Gestión de Activos Físicos. "
IEM2109,"El curso de Sistemas de control establece las bases de conocimiento para la comprensión, análisis y diseño de sistemas de control de  eventos continuos  y discretos  de sistemas  productivos de pequeña y mediana escala, la persona estudiante adquiere conocimiento específico, que le permitirán una mayor comprension, para el diseño e implementacion de sistemas de control de procesos.  A partir del conocimiento y comprensión estará en capacidad de utilizar herramientas para simulacion, que son utiles en el diseño y análisis de los sistemas, se parte de un fundamento teórico que explica y define cada uno de estos sistemas de control, sus caracteristicas y métodos de implementación. Entre los aprendizajes más importantes se destacan la fundamentación de los sistemas de control, tanto para eventos continuos como discretos, analisis  operativo de sistemas de control, automatización industrial y habilidad para resolucion e implementación de problemas de automatización. En este curso se hace uso de los conocimientos previos del curso de Control Automatico para profundizar en el diseño y  analisis de sistemas de control de procesos. Adicionalmente las personas estudiantes fortalecen sus habilidades de trabajo en equipo, autoaprendizaje y resolucion de conflictos, entre otras habilidades blandas. ",Al finalizar el curso  la persona  estudiante estará en capacidad de comprender y proponer soluciones de automatización de pequeña y mediana complejidad con una perspectiva analitica de su comportamiento a traves de su implementación y simulación. ,"Al finalizar el curso la persona estudiante estará en capacidad de reconocer las características de sistemas de control en eventos continuos y discretos asi como sus aplicaciones. 
Al finalizar el curso la persona  estudiante estar en capacidad de analizar el comportamiento de sistemas de  control  haciendo uso de herramientas de simulación. 
Al finalizar el curso la persona estudiante estará en capacidad de utilizar herramientas de ingeniería para el diseño de circuitos de  control de procesos industriales.                                                 ","Historia y evolucion de los sistemas de control de procesos.
Sistemas analógicos y digitales, conceptos y aplicaciones.                                                                         
Sistemas dinámicos y continuos, métodos de análisis.                                                                                                  
Fundamentos teoricos para el diseño,  analisis  y modelado de sistemas discretos.                                                 
Herramientas de  diseño y simulación  de sistemas discretos.                                                                                  
Representación de sistemas de control                                                                           
Fundamentos teoricos para diseño, análisis y modelado de sistemas de eventos continuos.                                                  
Herramientas de diseño simulación de eventos continuos                                                                                
Herramientas de diseño y simulación de sistemas de eventos  continuos.                                                             
Controladores lógicos programables para el control  y diseño de sistemas de control de procesos.                                                                  
Normas y lenguajes estandar de diseño mediante controladores lógicos programables. ","Clases magistrales por parte del profesor para la exposición de los temas, durante la clase el profesor  propone ejercicios para ser desarrollados por los estudiantes,  adicionalmente se asignan algunos temas complementarios seleccionados, para ser presentados por parte de los estudiantes ante el grupo, como una forma de promover el desarrollo de habilidades blandas, siendo ademas consecuentas con el módelo academico institucional. 
El desarollo de proyectos se considera importante en el desarrollo del curso, a traves de los cuales los estudiantes pueden desarrolar el espirituo creativo y proponer soluciones a problemas reales de aplicacion en los sectores productivos. La asistencia al curso es opcional. La evaluación del curso es acumulativa a traves de diferentes estrategias evaluativas.","Examenes parciales; 0; 0
Tareas; 0; 0
Examenes cortos; 0; 0
Proyecto de investigación; 0; 0","Valdivia, Carlos. ""Sistemas de control continuos y discretos"". Editorial Paraninfo. Madrid. 2012                                                                 Ortiz, Manuel. ""Sistemas dinámicos en tiempo continuo"" Omnia Science. Mexico. 2015                 Edwards Gonzalo. ""Introducción al análsis de sistems dinámicos"" Ediciones UC. Santiago Chile. 2013                                               Balabanian, Norman; Carlson, Bradley.                        “Principios de diseño lógico digital”. CECSA: México. 2002.
Balcells, Josep; Romeral, José. “Autómatas Programables”. Alfaomega: México. 1998.
Fabricius, Eugene; “Diseño lógico moderno y teoría de conmutación”. CECSA: México. 1996 García M, Emilio; “Automatización de Procesos Industriales”. Alfaomega: Mexico. 2001.
Mano, Morris; “Diseño Digital”. 3 era ed. Pearson: México. 2003.                              Romera, Pedro; Lorite, Antonio; Montero, Sebastián “Automatización: Problemas resueltos con autómatas programables”. 3 era ed. Thomson: Madrid. 2003.                         Tocci, Ronald; Widmer, Neal. “Sistemas digitales: Principios y aplicaciones” 8 ava ed. Prentice Hall: México. 2003
",,"Luis Gómez Guitiérrez; Ing; lugomez@itcr.a.cr
*
Ingeniero en Mantenimiento industrial. Maestria en Gestión de Activos Físicos. "
IEM2303,"Este curso introduce a la persona estudiante en el modelado y análisis matemático de sistemas físicos mediante el uso de diversas herramientas teóricas y experimentales. Así mismo, se hace uso de software especializado para la simulación de estos modelos de manera que sea un complemento para el análisis de la respuesta de los sistemas tanto en el dominio del tiempo como en el de la frecuencia. La obtención y análisis de modelos que representen la realidad y permitan derivar conclusiones y predicciones, es un pilar fundamental tanto en el área de las ciencias como en el de la ingeniería. Este curso ofrece además las bases para los cursos de sistemas de control automático, control eléctrico,  mantenimiento basado en la condición, automatización, entre otros.",,,"*Introducción al modelado y análisis de sistemas
**Introducción a la teoría general de sistemas 
**Importancia del análisis de sistemas en ingeniería
**Concepto de sistema
**Tipos de sistemas
**Variables de un sistema
**Concepto de modelo de un sistema 
**Tipos de modelos
**Obtención de los modelos
*Introducción al espacio de estados
**El concepto de estado
**Propiedades de las variables de estado 
**Linealidad e invarianza en el tiempo 
**Modelado en variables de estado
**Ecuación de estados y salidas
**Elección de las variables de estado
**Respuesta a entrada cero y respuesta a estado cero 
**La función de transferencia 
**La función de transferencia a partir de la respuesta a estado cero
**La ecuación característica del sistema 
**Función de transferencia para sistemas multivariables
**Relaciones entre los modelos matemáticos
*Representación gráfica de modelos
**Diagramas de bloques 
**Simplificación de diagramas de bloques
**El modelo en variables de estado a partir del diagrama de bloques
**Diagramas de flujo
**Propiedades de los diagramas de flujo
**Fórmula de Mason
*Caracterización en el dominio del tiempo
**Análisis de estabilidad
**Representación del retardo en sistemas lineales 
**Sistemas de primer orden 
**Sistemas de segundo orden
**Efecto de los ceros en el sistema
**Concepto de polos dominantes 
*Modelado analítico de sistemas
**Leyes fundamentales
**Balance de masa
**Balance de energía
**Conservación de la cantidad de movimiento
**Otras leyes de conservación
**La red generalizada
**Modelado de sistemas eléctricos
**Modelado de sistemas mecánicos traslacionales
**Modelado de sistemas mecánicos rotacionales
**Conversión entre traslación y rotación
**Modelado de Sistemas electromecánicos
**Modelado de motores DC
**Modelado de sistemas térmicos
**Modelado de sistemas hidráulicos
**Modelos estáticos
**Linealización
*Identificación de sistemas en el dominio del tiempo
**Descripción del problema
**Modelos utilizados en la identificación
**Métodos de identificación en el tiempo
*Análisis en el dominio de la frecuencia
**La respuesta en frecuencia
**El diagrama de Bode
**Aproximación asintótica del diagrama de Bode
**Obtención de la FT a partir del diagrama de Bode
**Diagrama Polar
*Análisis en el espacio de estados
**Transformación de los MVE
**Forma canónica de Jordan
**Análisis de controlabilidad
**Análisis de observabilidad
**Principio de dualidad
**Descomposición de Kalman","El modelo pedagógico del ITCR busca que el estudiante adquiera un aprendizaje significativo, constructivista e interaccionista, para lograr este objetivo de aprendizaje el curso utiliza una combinación de la metodología de simulación, la metodología de integración y las metodologías participativas. Por lo que en curso combinará la presentación del contenido por parte de la persona docente, trabajo individual por parte de la persona estudiante, prácticas de laboratorio guiadas y el desarrollo de un proyecto final del curso cuyo objetivo es integral el material visto en este cuso.
Se espera que fuera de clase la persona estudiante trabajará de forma individual repasando la materia, haciendo lecturas, realizando ejercicios y simulaciones y resolviendo problemas; también trabajará en grupos estudiando de forma cooperativa y en el desarrollo del proyecto.","Exámenes; 2; 40
Tareas; 5; 25 
Prácticas dirigidas; 2; 10
Proyecto; 1; 25","Modelling and Analysis of Dynamic Systems
Ramin S. Esfandiari and Bei Lu
Third Edition, CRC Press, 2018.

Modelling and analysis of dynamic systems
Charles M. Close and Dean K. Frederick and Jonathan C. Newel
John Wiley & Sons, 2002.",,"Juan Luis Guerrero Fernández; Ph. D; jguerrero@itcr.ac.cr
*
Doctor en filosofía en ciencias (Ph.D.), Universidad de Sheffield, Inglaterra 
Máster en Ciencias (M. Sc.) en Mecatrónica, Universidad de Ciencias Aplicadas Aachen, Alemania "
IEM2306,"Los sistemas de control automático son parte integral e indispensable de los procesos productivos modernos. No solamente para asegurar las características y la calidad de los productos, sino también para hacer un uso eficiente de la energía y las materias, para garantizar la seguridad de los equipos y el personal encargado de su operación, y para preservar el medio ambiente. Los sistemas de control se pueden encontrar en industrias de procesos y manufactura muy diversas, como la industria aeroespacial, aeronáutica, del transporte, agroindustrial, de alimentos, automotriz, de equipo médico, de fabricación de componentes y equipos electrónicos, la farmacéutica, de generación y distribución de energía, la metalmecánica, robótica, sistemas microelectromecánicos (MEMS), nanotecnología y muchos otros. 
Esta asignatura busca ofrecer a la persona estudiante una introducción a la ingeniería de sistemas de control mediante la presentación de los principios, conceptos y técnicas fundamentales necesarios para el análisis y diseño práctico de sistemas de control por realimentación. Se fomenta asimismo el desarrollo de habilidades y competencias como el trabajo en equipo, el uso de herramientas computaciones para el diseño y simulación de los controladores, así como el aprendizaje autónomo.","Brindar una introducción a los principios, conceptos y técnicas fundamentales necesarios para el análisis y diseño práctico de sistemas de control por realimentación. Se enfatiza el tratamiento de sistemas lineales de una entrada y una salida, para los que se presentan las herramientas clásicas de análisis (e.g., lugar de las raíces, diagrama de Nyquist, diagramas de Bode), y métodos de diseño de controladores clásicos (PI, PID), y modernos (parametrización afín).","Comprender el concepto de sistema de control, el de lazo de control realimentado y definir la función de sus componentes.
Usar herramientas computacionales para la simulación y el diseño de compensadores y reguladores.
Diseñar compensadores y reguladores utilizando los diferentes métodos en estudio.
Implementar reguladores y compensadores usando electrónica digital (computadores y microcontroladores).","*Introducción
**Motivación a Ingeniería en Control
**Reseña histórica de la Teoría de Control
**Tipos de diseños de sistemas de control
**Integración de sistemas
*Principios de realimentación
**El objetivo del control
**Definición del problema de control
**Solución del problema de control vía inversión
**Realimentación con ganancia elevada e inversión
**De lazo abierto a lazo cerrado
**Compromisos en la elección de la ganancia de realimentación
*Modelos, señales y sistemas
**Modelos en control
**Linealización y escalamiento de variables
**Funciones transferencia y diagramas de bloques
**Obtención experimental de modelos
**Respuesta en frecuencia y diagramas de Bode
*Análisis de sistemas realimentados
**Estructuras de realimentación
**Funciones de sensibilidad
**Estabilidad a lazo cerrado en base al polinomio característico
**Estabilidad y análisis polinomial
**Lugar de las raíces
**Estabilidad y respuesta en frecuencia
**Estabilidad relativa: márgenes de estabilidad
**Robustez
*Control PID clásico
**Estructura PID
**Ajuste empírico
**Método de oscilación de Ziegler-Nichols
**Métodos basados en la respuesta al escalón
**Compensadores en atraso-adelanto
*Diseño básico de controladores SISO
**Enfoque polinomial
**Ajuste de PI y PID mediante asignación de polos
**El predictor de Smith
*Limitaciones fundamentales en control SISO
**Sensores
**Actuadores
**Perturbaciones
**Limitaciones debidas a errores en modelado
**Limitaciones estructurales
*Consideraciones estructurales en control SISO
**Modelos de perturbaciones y referencias determinísticas
**Principio del modelo interno para perturbaciones
**Principio del modelo interno para seguimiento de referencias
**Control en avance
**Aplicación industrial de control en avance
**Control en cascada","El modelo pedagógico del ITCR busca que el estudiante adquiera un aprendizaje significativo, constructivista e interaccionista, para lograr este objetivo de aprendizaje el curso utiliza una combinación de la metodología de simulación, la metodología de integración y las metodologías participativas. Por lo que en curso combinará la presentación del contenido por parte de la persona docente, trabajo individual por parte de la persona estudiante, prácticas de laboratorio guiadas y el desarrollo de un proyecto final del curso cuyo objetivo es integral el material visto en este curso.
Se espera que fuera de clase la persona estudiante trabajará de forma individual repasando la materia, haciendo lecturas, realizando ejercicios y simulaciones y resolviendo problemas; también trabajará en grupos estudiando de forma cooperativa y en el desarrollo del proyecto.","Exámenes; 2; 40
Tareas; 5; 25 
Prácticas dirigidas; 2; 10
Proyecto; 1; 25","•	Graham Clifford Goodwin, Stefan F. Graebe, Mario E. Salgado; Control System Design; Pearson Education; 2000.
•	Ogata, Katsuhiko. Ingeniería de control moderna. Pearson-Prentice Hall, México, 1998.
•	R. Dorf y R. Bishop, Sistemas de Control Moderno, 10 ed., Prentice Hall, 2005. 
•	F. Golnaraghi, K. Benjamin; Automatic Control Systems; 9ed; Wiley Online Library,2010",,"Juan Luis Guerrero Fernández; Ph. D; jguerrero@itcr.ac.cr
*
Doctor en filosofía en ciencias (Ph.D.), Universidad de Sheffield, Inglaterra 
Máster en Ciencias (M. Sc.) en Mecatrónica, Universidad de Ciencias Aplicadas Aachen, Alemania "
IEM2203,"Este curso está diseñado para brindar al estudiante conocimientos básicos requeridos para describir, analizar y diseñar sistemas electrónicos simples. Se introducen los temas de dispositivos analógicos y sus aplicaciones, principios de lógica combinacional, así como aplicaciones con semiconductores. 
Se implementará programación en alto nivel y simulación de circuitos electrónicos con las herramientas apropiadas. El curso incluirá el diseño de una solución por medio de dispositivos analógicos y digitales de un problema simulado.","Aplicar herramientas de simulación y análisis para el diseño de sistemas electrónicos con amplificadores operacionales, elementos semiconductores y circuitos digitales combinacionales","Comprender las características y operación de los amplificadores operacionales en sus topologías básicas.
Estudiar aplicaciones de IC especiales como monostables, astable, comparadores, reguladores de voltaje, convertidores V/f y V/I, entre otros.
Comprender el funcionamiento de dispositivos electrónicos básicos diodo semiconductor, al transistor de unión bipolar.
Diseñar aplicaciones electrónicas utilizando circuitos lógicos combinacionales.","*Conceptos básicos de electrónica 
**Definición de electrónica analógica y digital 
**Conversión de analógica a digital y viceversa, teorema del muestreo, cuantización del error. 
**Sistemas de numeración en códigos base-N, hexadecimal, binario, ASCII, conversiones de base 
**Tipos de códigos binarios 
*Circuitos integrados lineales 
**Características del amplificador operacional 
**Corto circuito virtual y topologías básicas: inversor, no inversor, sumador, restador, integrador, derivador. Diseño y modelado de filtros activos 
**IC especiales: reguladores de tensión, comparadores, astables, monostables, convertidores 
*Diodo semiconductor 3.1. Cristales semiconductores. Enlaces covalentes, semiconductores intrínsecos y extrínsecos, la unión P-N 
**Polarización de diodos 
**Curva característica 
**Valores nominales y parámetros. Dependencia con temperatura. 
**Diodos de propósito general (Si, Ge) y especiales (Schottky, LEDs, Zener, varistores) 
**Aplicaciones del diodo semiconductor y circuitos con diodos. 
*Transistores BJT y MOSFET 
**Estructura y definición 
**Polarización 
**Funcionamiento del transistor BJT y MOSFET 
**Aplicaciones con transistores BJT y MOSFET 
*Fundamentos de sistemas binarios 
**Álgebra de Boole 
**Compuertas lógicas 
**Teoremas fundamentales 
**Tabla de verdad 
**Reducción de expresiones lógicas mediante álgebra de Boole 
*Diseño lógico combinacional 
**Mintérminos y maxtérminos.","Lecciones regulares de asistencia opcional, donde se expondrán conceptos relevantes de cada tema y se asignarán lecturas o prácticas del material bibliográfico. Se propiciará el trabajo en equipo y las experiencias de diseño en ingeniería por medio de proyectos en grupo. Se implementarán prácticas guiadas de laboratorio para complementar la teoría desarrollada en clases, estas prácticas se realizarán fuera del horario de clase, el número de estas prácticas y el momento de realizarlas se negociarán con los estudiantes. Cada una de estas prácticas generará un informe formal técnico con los resultados, conclusiones y recomendaciones. Se realizará un proyecto de diseño para que los estudiantes resuelvan un problema simulado por medio de dispositivos electrónicos analógicos y digitales. El producto entregado será una solución implementada y probada en un simulador (a escoger por cada grupo de trabajo) y un informe técnico donde se explique el diseño.","Examen parcial 1; 1; 25
 Examen parcial 2; 1; 25
Prácticas de laboratorio; 0; 20 Proyecto de diseño; 1; 30","Schilling, D. & Belove, C. Circuitos Electrónicos discretos e integrados. McGraw-Hill, 3 ed. 1993. 
Malvino, A. Principios de electrónica. McGraw-Hill, 6 ed. 
Mohan, N., Undeland, T. M., & Robbins, W. P. (2009). Electrónica de potencia: convertidores, aplicaciones y diseño (3a. ed.). Sunny Isles Beach, US: McGraw-Hill España. 
Wakerly, J. Diseño digital, principios y prácticas. Pearson Educación - Prentice Hall, 3 ed. · Tocci, R. & Wildmer, N. Sistemas digitales, principios y aplicaciones. Pearson Educación, 10 ed.",,
